District,Mean_Elevation_m,Median_Elevation_m,Mean_Slope_deg,Median_Slope_deg
ampara,64.81970337733671,52.0,3.9452667,2.6387274
anuradhapura,98.12193562752745,95.0,2.3773139,2.0866504
badulla,610.6523079578337,464.0,12.840093,10.524584
batticaloa,24.34123341112843,16.0,2.330102,2.0866504
colombo,34.57299814317738,20.0,5.504383,3.9545999
galle,72.23533386202169,31.0,8.984425,6.5725045
gampaha,33.04559497290288,28.0,4.4679384,3.7290902
hambantota,47.44754208165045,35.0,3.2780538,2.0866504
jaffna,4.756546319832016,4.0,1.8699555,1.8665217
kalutara,63.00067271884814,28.0,9.221429,6.7014937
kandy,658.5014151994869,600.0,15.1994915,13.851485
kegalle,264.55124580525467,198.0,14.834273,13.527235
kilinochchi,10.13044419207611,8.0,1.7233899,1.3200637
kurunegala,96.75926979774201,82.0,4.1897497,2.7985456
mannar,28.04894069891055,25.0,1.7221216,1.3200637
matale,344.18933238006355,251.0,10.461855,6.7014937
matara,154.71527313652248,85.0,10.418119,8.739077
monaragala,161.87312846656846,119.0,5.8293962,2.9496658
mullaitivu,38.0854118540964,39.0,1.9765592,1.8665217
nuwara eliya,1282.4946389406311,1330.0,16.362133,14.96237
polonnaruwa,73.78941032971119,58.0,3.2866602,2.0866504
puttalam,28.90694501292153,25.0,2.210371,2.0866504
ratnapura,374.9637510776257,280.0,13.303297,11.646017
trincomalee,28.55975364762607,19.0,2.8650398,2.0866504
vavuniya,75.73315665006974,76.0,2.04203,1.8665217
